question_title,subreddit,num_comments,permalink
What is your favorite Golf Apparel Brand ?,golf,1088,https://www.reddit.com/r/golf/comments/1lefu6z/
Best Underrated Golf Apparel Brands?,golf,738,https://www.reddit.com/r/golf/comments/1ea854l/
What is happening that causes you to not return a text for a few days even if you like the person that sent the text?,ADHD,580,https://www.reddit.com/r/ADHD/comments/16i9bdr/
Does anyone else prefer to score this way?,golf,574,https://www.reddit.com/r/golf/comments/1gjlt6i/
"What metric, beyond your actual score, do you use to measure whether you've had a successful round?",golf,477,https://www.reddit.com/r/golf/comments/1eugi85/
What I've learned dropping from a 12 to a 4 handicap this summer,golf,413,https://www.reddit.com/r/golf/comments/ptb4tm/
What would be the best country for a golfer to retire to?,golf,359,https://www.reddit.com/r/golf/comments/1at3h6a/
Best golf apparel brands?,golf,358,https://www.reddit.com/r/golf/comments/119l0ca/
How many of you don’t keep score?,golf,314,https://www.reddit.com/r/golf/comments/1nx4skj/
Anyone else reuse scorecards?,golf,306,https://www.reddit.com/r/golf/comments/1gane9z/
What’s the most frustrating thing to happen when golfing?,golf,273,https://www.reddit.com/r/golf/comments/1amh2qr/
How I keep score,golf,271,https://www.reddit.com/r/golf/comments/1rdw5b2/
What's the most important features of a golf app?,golf,256,https://www.reddit.com/r/golf/comments/1i0gxwh/
"How do you score a lost ball when it’s a decent shot, no real trouble, but you gotta keep pace?",golf,222,https://www.reddit.com/r/golf/comments/xgkylk/
What’s the worst handicap you ever heard of?,golf,220,https://www.reddit.com/r/golf/comments/17howvm/
How are you counting strokes on the greens?,golf,215,https://www.reddit.com/r/golf/comments/1jzqzw3/
Best App?,golf,214,https://www.reddit.com/r/golf/comments/1ke6t28/
"How far do golfers actually hit, by handicap and swing speed? (from Arccos data)",golf,203,https://www.reddit.com/r/golf/comments/12zhwpz/
Why does everyone here seem to care at all about what is on someone else's scorecard?,golf,185,https://www.reddit.com/r/golf/comments/x51isx/
How to improve your handicap,golf,174,https://www.reddit.com/r/golf/comments/1hb54in/
How many of you keep your score via an app?,golf,147,https://www.reddit.com/r/golf/comments/1upuooc/
What do you count as chips on your scorecard?,golf,142,https://www.reddit.com/r/golf/comments/1oha64j/
What do these dots mean on scorecard (Garmin),golf,142,https://www.reddit.com/r/golf/comments/1ssjg3q/
How I went from a 10 to 3 handicap,golf,141,https://www.reddit.com/r/golf/comments/174p1w4/
What is your personal rule? (Mine is: Never keep score at a course you've never played at.),golf,130,https://www.reddit.com/r/golf/comments/1urtm28/
Why are you a high handicapper?,golf,125,https://www.reddit.com/r/golf/comments/1d8elvb/
Can I hide my scores from public view on GHIN?,golf,115,https://www.reddit.com/r/golf/comments/1rqc1yl/
What apps do you use for keeping track of score?,golf,114,https://www.reddit.com/r/golf/comments/1geqnb0/
What happened to common decency,golf,113,https://www.reddit.com/r/golf/comments/1twz3h8/
How many of you keep track/care about a handicap?,golf,110,https://www.reddit.com/r/golf/comments/q83mh3/
"Anyone else have a constant compulsion to buy new shit, even though you're happy with your bag and don't need it?",golf,104,https://www.reddit.com/r/golf/comments/lqhmsq/
"How I mark scorecards.. Shout-out Hideki Matsuyama's Caddie, Shota Hayafuji",golf,99,https://www.reddit.com/r/golf/comments/1rdzxye/
Which Golf App Is Actually Worth the Subscription?,golf,97,https://www.reddit.com/r/golf/comments/1uklnb1/
How do you deal with people who just can't keep score honestly?,golf,94,https://www.reddit.com/r/golf/comments/btm5qo/
What Is The Best Golf App for an Apple Watch?,golf,89,https://www.reddit.com/r/golf/comments/18r8pqd/
What golf apparel brands are you actually wearing in 2026?,golf,87,https://www.reddit.com/r/golf/comments/1tkr6z2/
"What’s your favorite piece of golf apparel and why? Not because of the logo. Just based off comfort, style, etc.",golf,87,https://www.reddit.com/r/golf/comments/1pig5ph/
"How long have you been golfing, what was your handicap when you started playing, and what is your handicap now?",golf,84,https://www.reddit.com/r/golf/comments/1l1igfb/
How common do you slaughter your index and trigger an Exceptional Score Reduction?,golf,84,https://www.reddit.com/r/golf/comments/1l2losq/
How do you think your handicap would change if you had advantages that tour pros have?,golf,83,https://www.reddit.com/r/golf/comments/15le1n6/
How Good Do Your Approach Shots Need To Be?,golf,82,https://www.reddit.com/r/golf/comments/1ae587u/
"How many of you that keep a handicap or ""lowest ever round"" actually play by all rules?",golf,72,https://www.reddit.com/r/golf/comments/oe8lyu/
How are people using apps like 18 birdies?,golf,72,https://www.reddit.com/r/golf/comments/133wax2/
What is your go to golf app?,golf,71,https://www.reddit.com/r/golf/comments/4patqp/
"How ""legit"" do you keep score...?",golf,69,https://www.reddit.com/r/golf/comments/1tjwx0a/
What golf scoring app are you using and why?,golf,69,https://www.reddit.com/r/golf/comments/1r5cfk1/
What are things you put on your scorecard?,golf,68,https://www.reddit.com/r/golf/comments/uxlccr/
How long does it take to reach low single digit handicap?,golf,67,https://www.reddit.com/r/golf/comments/1mgxgcn/
What apps/stat tracker are you using in 2024?,golf,67,https://www.reddit.com/r/golf/comments/1b2fx62/
Why is golf accessories/apparel so expensive and out of reach,golf,65,https://www.reddit.com/r/golf/comments/1j6ptb1/
How accurate do you keep score?,golf,64,https://www.reddit.com/r/golf/comments/37c8e9/
What apps are y’all using to track your rounds?,golf,63,https://www.reddit.com/r/golf/comments/w9he2e/
Best set of irons <$500 for mid-handicap,golf,63,https://www.reddit.com/r/golf/comments/18nbch7/
What's the best golf course in each country?,golf,60,https://www.reddit.com/r/golf/comments/rm24r/
"Why is GHIN considered ""official"" but apps like 18Birdies aren't?",golf,59,https://www.reddit.com/r/golf/comments/1l7a50f/
What's your favorite golf apparel brand / site?,golf,59,https://www.reddit.com/r/golf/comments/zashxk/
What's the best way to keep score on my phone?,golftips,57,https://www.reddit.com/r/golftips/comments/145mvlt/
What apparel brands do you buy in the proshop?,golf,56,https://www.reddit.com/r/golf/comments/1ff9emu/
What apps do you use?,golf,56,https://www.reddit.com/r/golf/comments/17kjkux/
"How to prevent ""Blow up holes"" ruining my scorecard",golftips,55,https://www.reddit.com/r/golftips/comments/1knknup/
What do you guys think of the Apple Watch golf app UI?,golf,54,https://www.reddit.com/r/golf/comments/9jo110/
What does 18birdies count as an up and down?,golf,52,https://www.reddit.com/r/golf/comments/1gcjo6w/
What golf apparel brands do you wear?,golf,52,https://www.reddit.com/r/golf/comments/rueq7r/
"What is the difference between a 0 handicap golfer and a PGA player, if anything?",golf,52,https://www.reddit.com/r/golf/comments/gn2ood/
What's in your bag? Looking at swapping irons for woods/hybrids,golf,51,https://www.reddit.com/r/golf/comments/1854mu2/
Why keep score if you aren’t going to play by the rules?,golf,50,https://www.reddit.com/r/golf/comments/1m4gdhf/
What are some issues with golf apparel that you are seeing in today's market?,golf,49,https://www.reddit.com/r/golf/comments/1d55384/
What's your handicap?,golf,49,https://www.reddit.com/r/golf/comments/occj10/
How's this for a scorecard? Lol,golf,49,https://www.reddit.com/r/golf/comments/16p909z/
What is your favorite golf app?,golf,48,https://www.reddit.com/r/golf/comments/296wjn/
What a scorecard by Charley Hull,golf,48,https://www.reddit.com/r/golf/comments/14zl9ct/
Why we should measure score milestones using Differential instead of total strokes,golf,47,https://www.reddit.com/r/golf/comments/jevtwt/
What score do you keep when you play? Stroke or handicap?,golf,47,https://www.reddit.com/r/golf/comments/1k5kgqc/
How many of you have an official USGA handicap? Why do or don't you?,golf,46,https://www.reddit.com/r/golf/comments/2vnzbq/
Best mid-priced golf apparel,golf,45,https://www.reddit.com/r/golf/comments/16lxan1/
How do you actually track shots during a round?,golf,44,https://www.reddit.com/r/golf/comments/1470tia/
How do you guys treat mulligans on your scorecard? I'm curious to know your personal rules. Details in description.,golf,44,https://www.reddit.com/r/golf/comments/1blkex/
Best Golf app request with a Twist,golf,44,https://www.reddit.com/r/golf/comments/9ekz9e/
What do you think the ACTUAL average handicap is?,golf,44,https://www.reddit.com/r/golf/comments/1mgwtsz/
Best way to handicap club championship,golf,44,https://www.reddit.com/r/golf/comments/1nnp0sj/
What golf apps do you use?,golf,44,https://www.reddit.com/r/golf/comments/uo7f5z/
What golf apparel brand should I buy for a golf lesson that is bold?,golf,44,https://www.reddit.com/r/golf/comments/1cfhguv/
What scoring app do you guys use?,golf,43,https://www.reddit.com/r/golf/comments/3atsxc/
How can I GPS track club/shot/yardage without dikking with phone on course?,golf,42,https://www.reddit.com/r/golf/comments/1tx309l/
"Why do casual golfers care about how I am keeping score? Play your own game. Unless we playing for money, mind your own damn business.",golf,42,https://www.reddit.com/r/golf/comments/1ll0ryc/
Best golf app for learning golf yardage and helping your game,golf,42,https://www.reddit.com/r/golf/comments/pn24ky/
Best golf apparel,golf,41,https://www.reddit.com/r/golf/comments/13t8a7q/
How many hats do you guys cycle in your golf apparel,golf,41,https://www.reddit.com/r/golf/comments/4r83kl/
What are you able to tell me about this course by looking at the scorecard?,golf,41,https://www.reddit.com/r/golf/comments/1u9iq5f/
What is the best way to calculate your handicap without being a member of a golf club?,golf,40,https://www.reddit.com/r/golf/comments/1fa014/
How do you keep score?,golf,40,https://www.reddit.com/r/golf/comments/vrvym3/
What do these illustrations indicate on a scorecard?,golf,40,https://www.reddit.com/r/golf/comments/pp5fuk/
What’s your anti-handicap and why do you think the difference is as big/small as it is?,golf,40,https://www.reddit.com/r/golf/comments/180p4pm/
Best tech for high handicapper?,golf,40,https://www.reddit.com/r/golf/comments/zwkg9a/
Does anyone keep score correctly?,golf,40,https://www.reddit.com/r/golf/comments/1kcafk4/
How do you mark your scorecard?,golf,38,https://www.reddit.com/r/golf/comments/4s8c9k/
What is a good strategy for breaking 45 (9) or 90 (18)? More aggressive approaches or fewer 2 putts?,golf,38,https://www.reddit.com/r/golf/comments/hsiscf/
How many apps do you run?,golf,38,https://www.reddit.com/r/golf/comments/1m0hegw/
What club would you add to your bag if the club count limit was increased by one to 15?,golf,37,https://www.reddit.com/r/golf/comments/nknfxy/
What's your worst scoring hole ever and how did it happen?,golf,37,https://www.reddit.com/r/golf/comments/5dap9p/
How do you track your stats in these scenarios?,golf,37,https://www.reddit.com/r/golf/comments/xvlpuh/
What smartphone golf app do you use during rounds?,golf,37,https://www.reddit.com/r/golf/comments/17bqrwq/
"Why do golf courses use the plural form of lady, ""ladies"", but the possessive form of men, ""men's"", when referring to handicaps and sometimes tees on the scorecard?",golf,37,https://www.reddit.com/r/golf/comments/192j2nl/
What would you rather see on your scorecard?,golf,37,https://www.reddit.com/r/golf/comments/1ijgjbi/
How do you guys keep score?,golf,37,https://www.reddit.com/r/golf/comments/134e2w4/
What’s your favourite GPS App?,golf,36,https://www.reddit.com/r/golf/comments/c6zvid/
What is the best FREE app to track stats (not just score),golf,36,https://www.reddit.com/r/golf/comments/3j8ocd/
What is the best “bang for your buck” golf app out there?,golf,36,https://www.reddit.com/r/golf/comments/vl63pm/
What are your thoughts on the newer style of golf apparel or what people wear at the places you play?,golf,36,https://www.reddit.com/r/golf/comments/vxnr6g/
What does typical 87-89 scorecard look like?,golf,36,https://www.reddit.com/r/golf/comments/1e2sqdk/
How much did practising help you to lower your handicap?,golf,36,https://www.reddit.com/r/golf/comments/15qoc75/
What is your favorite app to track scores?,golf,36,https://www.reddit.com/r/golf/comments/b0ocj8/
What's the best way to start keeping a handicap?,golf,36,https://www.reddit.com/r/golf/comments/zp5yds/
What apps do you guys use for keeping track of your scores?,golf,36,https://www.reddit.com/r/golf/comments/ndnymi/
Why are so many golfers obsessed with having the longest yardages on their clubs versus getting a lower score?,golf,35,https://www.reddit.com/r/golf/comments/1rzc2fn/
What's your opinion about Under Armour golf apparel?,golf,34,https://www.reddit.com/r/golf/comments/4sjtin/
What golf app do you use?,golf,34,https://www.reddit.com/r/golf/comments/148ql5v/
How do most of you keep track of your handicap?,golf,33,https://www.reddit.com/r/golf/comments/crbraw/
Best GPS App for Android?,golf,33,https://www.reddit.com/r/golf/comments/8ejyw5/
Is there a time limit on turning in scorecards?,golf,33,https://www.reddit.com/r/golf/comments/10ug8rx/
Best Free Golf Scorecard Tracker?,golf,33,https://www.reddit.com/r/golf/comments/1je5jll/
"What do you consider a ""putt"" when counting putts for your scorecard stats?",golf,32,https://www.reddit.com/r/golf/comments/uklpn/
How do you keep score? Scorecards or app?,golf,32,https://www.reddit.com/r/golf/comments/o5r6px/
What are the rules for breaking a new score?,golf,32,https://www.reddit.com/r/golf/comments/1m7z7y6/
What are some of your favorite Golf Apparel brands?,golf,32,https://www.reddit.com/r/golf/comments/x4figr/
How do you police the use of green reading apps and slope during tournament play?,golf,32,https://www.reddit.com/r/golf/comments/1ojyq8g/
Is there a golf app that not only shows you how far away you are from a hole but recommends what club to hit?,golf,32,https://www.reddit.com/r/golf/comments/1b6y2nz/
How many people keep score on a scorecard vs how many people keep score using an app??,golf,31,https://www.reddit.com/r/golf/comments/v1lksa/
How do I stop par 5’s from blowing up my scorecard.,golf,31,https://www.reddit.com/r/golf/comments/1l0wpb8/
How strict do you score,golf,31,https://www.reddit.com/r/golf/comments/hupw43/
How do people on this sub count putts?,golf,31,https://www.reddit.com/r/golf/comments/pdj3j7/
"Is there a golf watch that will just track club distances for me? Im using golfshotpro now and love what it provides, but i cant stand having my phone out everytime.",golf,31,https://www.reddit.com/r/golf/comments/b4573q/
How do you fill out your score card?,golf,31,https://www.reddit.com/r/golf/comments/17a9vuz/
Whats the most insane scorecard you've posted?,golf,31,https://www.reddit.com/r/golf/comments/1rdpxvo/
"What do the numbers beside ""putting"" mean on this scorecard",golf,31,https://www.reddit.com/r/golf/comments/1arju0t/
How to approach my ADHD roommate about cleaning?,ADHD,31,https://www.reddit.com/r/ADHD/comments/1ih7e76/
Why handicaps are flawed,golf,30,https://www.reddit.com/r/golf/comments/u4tzs/
What's Your Approach to Comp Rounds? Any Advice for First Timers?,golf,30,https://www.reddit.com/r/golf/comments/1tqzglr/
"How do we feel about strangers worrying about your score but more so, being overly awkward about it?",golf,30,https://www.reddit.com/r/golf/comments/1tu2m16/
"What's the best golf app for GPS, score tracking etc",golf,30,https://www.reddit.com/r/golf/comments/hr1vs7/
How Many Golfers Lie About Their Handicap?,golf,30,https://www.reddit.com/r/golf/comments/14w3nze/
what are your favorite new golf apparel companies?,golf,30,https://www.reddit.com/r/golf/comments/w5hnnj/
What should your handicap be if...,golf,30,https://www.reddit.com/r/golf/comments/7pqx8i/
How do you keep score?,golf,30,https://www.reddit.com/r/golf/comments/1pnv3kz/
How do you keep score and why?,golf,29,https://www.reddit.com/r/golf/comments/bv1web/
Why do people use golf apps for handicap and not USGA?,golf,29,https://www.reddit.com/r/golf/comments/vi6qad/
What do you guys think about a new golfer not keeping score?,golf,29,https://www.reddit.com/r/golf/comments/5146j7/
what’s your home course rating? And handicap if you want to add that,golf,29,https://www.reddit.com/r/golf/comments/w98gmc/
What's a constructive way to keep score as a new player?,golf,29,https://www.reddit.com/r/golf/comments/1n6x6sw/
Which IOS app should I use? 18Birdies? Grint? Other?,golf,29,https://www.reddit.com/r/golf/comments/y23g2k/
What one thing you wish you could tell golf apparel companies?,golf,29,https://www.reddit.com/r/golf/comments/u4kmi9/
Best golf apps for smartphones?,golf,28,https://www.reddit.com/r/golf/comments/x7x9z/
What is this 80% business on the scorecard?,golf,28,https://www.reddit.com/r/golf/comments/gs8szb/
What golf apps do you use?,golf,28,https://www.reddit.com/r/golf/comments/1dd446b/
What to focus on to lower handicap based on GHIN stats only?,golf,28,https://www.reddit.com/r/golf/comments/1l9dftb/
How to calculate handicap based on 9 hole courses,golf,28,https://www.reddit.com/r/golf/comments/1elb7q1/
"What features would you want in a ""find a foursome"" site/app?",golf,28,https://www.reddit.com/r/golf/comments/q0v7m1/
How long should I wait to start keeping score? I’ve maybe played 8+ times on a par 3 course,golf,28,https://www.reddit.com/r/golf/comments/1qn2rxj/
Which golf scorecard app to use.,golf,28,https://www.reddit.com/r/golf/comments/s9fczo/
Anyone else keep scorecards/pencils?,golf,28,https://www.reddit.com/r/golf/comments/10re6cp/
Does Anyone Feel That Some Muni Courses Are Unfairly Rated? (Handicap GHIN DIFF),golf,28,https://www.reddit.com/r/golf/comments/n20vpp/
What Would You Want In A Golf App?,golf,28,https://www.reddit.com/r/golf/comments/1ccfn2v/
How do you mark your scorecard?,golf,27,https://www.reddit.com/r/golf/comments/h2cna/
What handicaps are the most fun to be at?,golf,27,https://www.reddit.com/r/golf/comments/1cylocw/
What do you use to track your game?,golf,27,https://www.reddit.com/r/golf/comments/vq4xvg/
Why would score of 36 and 38 produce 8.0 and 10.0 differential? Seems really high no?,golf,27,https://www.reddit.com/r/golf/comments/1m56fzw/
What scorekeeping/GPS apps do you guys use?,golf,27,https://www.reddit.com/r/golf/comments/35qxk7/
What App Do You Use?,golf,27,https://www.reddit.com/r/golf/comments/ih0fcd/
Best way to get a GHIN handicap?,golf,27,https://www.reddit.com/r/golf/comments/16crb6q/
"Best golf app for score, stats, yardage, and hdc?",golf,27,https://www.reddit.com/r/golf/comments/xnr2s9/
What are some things you wish you could do on a golf app?,golf,27,https://www.reddit.com/r/golf/comments/xth1af/
Best Apple Watch App now that Grint is broken?,golf,27,https://www.reddit.com/r/golf/comments/bldhhv/
Is there any additional benefit for Rangefinders/Watches v a GPS app?,golf,27,https://www.reddit.com/r/golf/comments/kn76xq/
How do you recover your appetite while on stimulants?,ADHD,27,https://www.reddit.com/r/ADHD/comments/1p1fjvg/
How many golf apps do you use?,golf,27,https://www.reddit.com/r/golf/comments/19a6v6y/
How To Track Your Golf Playing Stats & Use Them Effectively,golf,27,https://www.reddit.com/r/golf/comments/1b0l4rs/
"Anyone else have a non-golfer wife that has a Grint account just to ""like"" her husband's rounds?! (even the bad ones!) Shoutout to all the amazing and supportive wives out there!",golf,26,https://www.reddit.com/r/golf/comments/1m10e2l/
What's the most unique hole scores you have had in 1 round?,golf,26,https://www.reddit.com/r/golf/comments/1ef8hdr/
What the hell is Hank Haney's counter slice 5 minute video about,golf,26,https://www.reddit.com/r/golf/comments/wqsttq/
Why Do We Keep Score in Golf as a Total Strokes Instead of an Average Per Hole?,golf,26,https://www.reddit.com/r/golf/comments/1fbbe26/
What are problems you all have with the current golf apps available?,golf,26,https://www.reddit.com/r/golf/comments/1prchwu/
What is up with Mizuno gapping short irons at 5 degrees?,golf,26,https://www.reddit.com/r/golf/comments/ytl565/
What golf app do you use to track your scores & stats?,golf,26,https://www.reddit.com/r/golf/comments/s3bu6y/
Best Apple Watch app for golf?,golf,26,https://www.reddit.com/r/golf/comments/tj0k4f/
Why keep score with mulligans?,golf,25,https://www.reddit.com/r/golf/comments/nipamx/
What do you track/take note of during a round?,golf,25,https://www.reddit.com/r/golf/comments/15i7ad/
Why can’t we post our scores to an app in Australia and get a handicap?,golf,25,https://www.reddit.com/r/golf/comments/146mue7/
"What app do you use? 18 Birdies, GameGolf or the Grint?",golf,25,https://www.reddit.com/r/golf/comments/7150iq/
What are some new cool golf apparel brands ?,golf,25,https://www.reddit.com/r/golf/comments/153uvej/
What app do you guys like to keep your scores and find your handicap,golf,25,https://www.reddit.com/r/golf/comments/p35r2v/
How are you keeping score?,golf,25,https://www.reddit.com/r/golf/comments/ejords/
What golf app do you use/prefer?,golf,25,https://www.reddit.com/r/golf/comments/12218c1/
how long does it take for your handicap to go down?,golf,25,https://www.reddit.com/r/golf/comments/1koluy6/
Anyone know of a smartphone app for a score card?,golf,24,https://www.reddit.com/r/golf/comments/kgm6g/
"Best sites for good, cheaper golf apparel?",golf,24,https://www.reddit.com/r/golf/comments/3hqs0e/
How important is your golf apparel to you?,golf,24,https://www.reddit.com/r/golf/comments/2lagsz/
What app do you use for yardages and scorecard?,golf,24,https://www.reddit.com/r/golf/comments/1ls7xv3/
Why did my score get reduced down? Should i be able to say i shot under 100?,golf,24,https://www.reddit.com/r/golf/comments/1efiigu/
What kind of off course golf apparel are you guys missing from your closet?,golf,24,https://www.reddit.com/r/golf/comments/x9jvnv/
How would you score this? (Casual game),golf,24,https://www.reddit.com/r/golf/comments/qjcx86/
"Does anyone get scared after skulling their par 3 tee shot, that if they hit another it’ll go in and not count as an ace?",golf,24,https://www.reddit.com/r/golf/comments/qq43x7/
Best shot tracker / golf app for Apple Watch,golf,24,https://www.reddit.com/r/golf/comments/10durrb/
Best golf app to track scores / handicaps / etc,golf,24,https://www.reddit.com/r/golf/comments/1jpdso9/
Best app to use on course with Apple Watch?,golf,24,https://www.reddit.com/r/golf/comments/12h2r7l/
What apps are you using?,golf,23,https://www.reddit.com/r/golf/comments/1l3u4a6/
How do you mark down score cards?,golf,23,https://www.reddit.com/r/golf/comments/1dup2ce/
Best app to track strokes gained?,golf,23,https://www.reddit.com/r/golf/comments/ov7ly3/
What rules are you following for a solo handicap round?,golf,23,https://www.reddit.com/r/golf/comments/1mdrnrj/
Why get a handicap,golf,23,https://www.reddit.com/r/golf/comments/1exusvl/
How can I edit a posted score on my GHIN if I am not a member at a club?,golf,23,https://www.reddit.com/r/golf/comments/1kautfj/
What is your favorite stats to track on your scorecard?,golf,23,https://www.reddit.com/r/golf/comments/134m55m/
What free golf app has the best features,golf,22,https://www.reddit.com/r/golf/comments/29tyrt/
What would you like to see in your ideal golf app?,golf,22,https://www.reddit.com/r/golf/comments/3hgm48/
Does anyone use an app to keep score?,golf,22,https://www.reddit.com/r/golf/comments/1ecwsq/
How to keep the big Numbers off the score card?,golf,22,https://www.reddit.com/r/golf/comments/1lxiob4/
Best apparell brand? Nike vs UA vs Footjoy vs Adidas vs Oakley,golf,22,https://www.reddit.com/r/golf/comments/9bojl1/
What golf apps do you use?,golf,22,https://www.reddit.com/r/golf/comments/247tbe/
Best Scorecard App?,golf,22,https://www.reddit.com/r/golf/comments/36a51i/
How are you tracking improvements?,golf,22,https://www.reddit.com/r/golf/comments/1fuhj0j/
What is the best Apple Watch app for the course?,golf,22,https://www.reddit.com/r/golf/comments/1pinn3f/
What are good stats to track per round?,golf,22,https://www.reddit.com/r/golf/comments/rdfo6g/
"Which stats, etc. do you keep on your scorecards?",golf,22,https://www.reddit.com/r/golf/comments/1rf0cz8/
Does anyone use The Grint app and have the new rangefinder that pairs with it?,golf,22,https://www.reddit.com/r/golf/comments/1ry51kj/
What’s your favorite app to keep track of your scorecards?,golf,22,https://www.reddit.com/r/golf/comments/sn74yi/
What’s everyone’s favorite Apple Watch gps golf app?,golf,22,https://www.reddit.com/r/golf/comments/u9d58e/
What are the best golf apps?,golf,21,https://www.reddit.com/r/golf/comments/tlukx/
What do you actually use in a golf app?,golf,21,https://www.reddit.com/r/golf/comments/1u6f5qx/
What golf app do you use on the course?,golf,21,https://www.reddit.com/r/golf/comments/nz3qa5/
Anyone else keep score like me?,golf,21,https://www.reddit.com/r/golf/comments/cd8nfz/
What clubs should I get/replace? 30 handicap,golf,21,https://www.reddit.com/r/golf/comments/hnmdqq/
What is your favorite golf app?,golf,21,https://www.reddit.com/r/golf/comments/ch86m5/
What is your favorite piece of golf apparel that you own?,golf,21,https://www.reddit.com/r/golf/comments/1ztcz1/
How To Cancel Arccos Golf App?,golf,21,https://www.reddit.com/r/golf/comments/1e1de7l/
How do you score balls hit OB?,golf,21,https://www.reddit.com/r/golf/comments/weo958/
How many strokes should I add to my score?,golf,21,https://www.reddit.com/r/golf/comments/15i0iw7/
What site/app do you use to track your scores & handicap?,golf,21,https://www.reddit.com/r/golf/comments/64r537/
Which golf app?,golf,21,https://www.reddit.com/r/golf/comments/184ky1i/
What brand of golf apparel gives you the biggest bang for your buck?,golf,21,https://www.reddit.com/r/golf/comments/t26vgn/
How do you personally track strokes gained?,golf,21,https://www.reddit.com/r/golf/comments/1ae1w38/
How beneficial is a golf watch for a high handicapper?,golf,21,https://www.reddit.com/r/golf/comments/12pzw99/
What golf app do you use to keep score? If you use one.,golf,20,https://www.reddit.com/r/golf/comments/6pvx7j/
Best place to buy apparel,golf,20,https://www.reddit.com/r/golf/comments/5im7eo/
What is the best golf GPS/scoring app?,golf,20,https://www.reddit.com/r/golf/comments/4gziyh/
Best golf app?,golf,20,https://www.reddit.com/r/golf/comments/pcd706/
"What stats do you also track while playing outside of FIR, GIR, Putts?",golf,20,https://www.reddit.com/r/golf/comments/is2yep/
What’s the wildest scorecard you’ve ever seen?,golf,20,https://www.reddit.com/r/golf/comments/17kn95t/
What are your go to Golf Apps?,golf,20,https://www.reddit.com/r/golf/comments/rkbeun/
Best golf watch or app to keep score and stats?,golf,20,https://www.reddit.com/r/golf/comments/18pi10s/
How does everyone track and organize their golf stats/data?,golf,20,https://www.reddit.com/r/golf/comments/1i2ersr/
What is a good score for a complete beginner?,golf,20,https://www.reddit.com/r/golf/comments/1bhuakm/
